"K","BS_F1","BS_F2","BS_F3","BS_F4","BS_F5","AUC_F1","AUC_F2","AUC_F3","AUC_F4","AUC_F5","BS_TestAvg","AUC_TestAvg"
1,0.0654518354011098,0.0711230769503558,0.0700556695973235,0.0657517676112221,0.0672450585971126,0.635539878872518,0.645505101518203,0.617028910136059,0.620175108265863,0.643027622962384,0.0679254816314247,0.632255324351005
2,0.0650751406128731,0.0711847603691857,0.0700585427842784,0.0655240242917165,0.0671377178305776,0.659306079180545,0.6477722268396,0.617425209933564,0.635827825070113,0.652455001568319,0.0677960371777263,0.642557268518428
3,0.0650692618001617,0.071053783852558,0.0701663523025751,0.0654735166175958,0.0671511153780329,0.668341015252152,0.653501629192431,0.609085798247855,0.637278566402827,0.652984394882212,0.0677828059901847,0.644238280795495
4,0.0650603977007323,0.0709289762514325,0.069976528385947,0.0653858395406231,0.0672243802748137,0.668669737557122,0.656484484097707,0.614590547262372,0.642815025702082,0.663443165895291,0.0677152244307097,0.649200592102915
5,0.0650227801914127,0.0709277583470052,0.0698900454207101,0.0653851909271713,0.0672187276156388,0.669103341282735,0.657385953288272,0.619925124353873,0.642475610981889,0.663846545794234,0.0676889005003876,0.650547315140201
6,0.0650183349094134,0.0709307815413847,0.0699198737953013,0.0652504502486702,0.0672222138483355,0.66996808507643,0.657508483081164,0.617411714674679,0.648187971340515,0.664399909051188,0.067668330868621,0.651495232644795
7,0.0650154995562279,0.0707675931342182,0.0698712539865056,0.0653004950629913,0.0672008374519534,0.670223953508671,0.659724392245744,0.619016663024044,0.651977807444614,0.660069910051077,0.0676311358383793,0.65220254525483
8,0.0649503941942883,0.0707721355960345,0.0698569975172013,0.065312652636884,0.06730934247627,0.670348896140645,0.659322118507704,0.619236207845419,0.650782954373318,0.661035898756439,0.0676403044841356,0.652145215124705
9,0.0650530839196313,0.0707668804255395,0.0698774706680502,0.0653026389271908,0.0673024445386412,0.67687618079586,0.659510775490411,0.62047645505223,0.650744730400658,0.661582755885991,0.0676605036958106,0.65383817952503
10,0.065077867600464,0.0703351500080508,0.0699408150140304,0.0649773337554265,0.0666623562160859,0.677102837288794,0.671611402920747,0.618957744698667,0.662618936722337,0.676679710881395,0.0673987045188115,0.661394126502388
11,0.0650671246586921,0.0703291304306213,0.0695518264785215,0.0649894594609882,0.0666705296271538,0.677404811311989,0.669012669191602,0.632521467336207,0.662624245607428,0.674077602348233,0.0673216141311954,0.663128159159092
12,0.0650969480287383,0.0703036012442767,0.0695672793225311,0.0649610402234233,0.0667082454358558,0.67757832319245,0.66864896964762,0.63243786256165,0.662645835073468,0.674896689545407,0.067327422850965,0.663241536004119
13,0.0650976105521878,0.0703020030740304,0.0695325893037224,0.0650117002165183,0.0667505084013919,0.678095691274147,0.668895649997861,0.632217659434963,0.662771124761631,0.673331452263516,0.0673388823095701,0.663062315546424
14,0.0651325093640988,0.0702676612247781,0.0696112685238931,0.0650720019686668,0.0666948499034912,0.678468759414691,0.668913478406879,0.629276680455969,0.66078807921706,0.673135583585931,0.0673556581969856,0.662116516216106
15,0.0651240189416297,0.0702697184424929,0.069621828762643,0.065091024817442,0.066683930229449,0.678360358483288,0.668602615784171,0.628862935567709,0.657959859165896,0.67255071697524,0.0673581042387313,0.661267297195261
16,0.0651024067206608,0.0702711867940504,0.0696232060344556,0.0651199356643369,0.066745261127264,0.677577267339222,0.668977984832238,0.628649315494137,0.658011178388449,0.672027829788749,0.0673723992681535,0.661048715168559
17,0.0650901894682328,0.0702205206667838,0.0696592145818876,0.0650828742000451,0.0667523426745454,0.676464046085882,0.673733307746865,0.62616388379068,0.660584925880886,0.673362613189495,0.0673610283182989,0.662061755338762
18,0.0650903926585334,0.0701802289325542,0.0696546981692027,0.0650411308386703,0.0668207176955547,0.676456655113286,0.67558713813192,0.623936507769319,0.659394319917663,0.670906036453489,0.0673574336589031,0.661256131477135
19,0.0652815434186627,0.0701969071294968,0.0696145962404661,0.065036897941694,0.0668378114044095,0.675550733043701,0.674782266502948,0.625726439911208,0.659430420336286,0.66962193236093,0.0673935512269458,0.661022358431015
20,0.0652621720136065,0.0702140521745714,0.0696157217550429,0.0650659394940207,0.0668234939585017,0.67603642552856,0.673987443613605,0.626263946198024,0.658475882796806,0.667319790543789,0.0673962758791486,0.660416697736157
21,0.0652561873114005,0.0702036769360031,0.069577723484814,0.0650239433222318,0.0668171364873098,0.675974130188111,0.673469123140497,0.626553271382415,0.659834603454598,0.66752490477084,0.0673757335083518,0.660671206587292
22,0.065243870266459,0.0701933022837832,0.0695481115836744,0.0650079283246105,0.0668169264070229,0.67520370928278,0.67531484970327,0.627576606989096,0.660639076508821,0.670059555035674,0.06736202777311,0.661758759503928
23,0.0652474814871728,0.0702871286138641,0.0696138805731206,0.0649374605333636,0.0668017070548572,0.67445862885492,0.675755049329587,0.625876204369567,0.663036215090541,0.66789780859932,0.0673775316524757,0.661404781248787
24,0.0652508953911324,0.0702754124727319,0.0695875636516588,0.0649373122838573,0.0668171147991948,0.674162286048941,0.67625392062922,0.625235344148851,0.663092843198186,0.667515316793616,0.0673736597197151,0.661251942163763
25,0.065210830331447,0.0703272383699728,0.0695904288760604,0.0649372046389747,0.0668187308422746,0.675216731472591,0.674225371835782,0.624813699596854,0.663099213860296,0.667448543380803,0.0673768866117459,0.660960712029265
26,0.0651773168522101,0.070386413436066,0.0696284737364078,0.0649383485287956,0.0668305586347551,0.674905606721421,0.672824383039802,0.622020510160284,0.6631303593195,0.667330748232046,0.0673922222376469,0.660042321494611
27,0.0651596558036182,0.0703858933922328,0.0696193029000872,0.0649049764686808,0.0667832674193618,0.675759088080684,0.672827948721606,0.621547517793993,0.663270159960247,0.668861400310377,0.0673706191967962,0.660453222973381
28,0.0651604719355834,0.0704298051970453,0.06964726513656,0.0649295299061856,0.0667257226633788,0.676246540320923,0.669968596067896,0.620811203303113,0.662337211886806,0.670877957377332,0.0673785589677506,0.660048301791214
29,0.0650967208834874,0.0704271619093488,0.0696073387594835,0.0649280471187652,0.0667226427768964,0.677688835830309,0.669122881174626,0.623036275255883,0.662306066427602,0.670056473185852,0.0673563822895963,0.660442106374854
30,0.0651009067773225,0.0704443392824497,0.0696712253328687,0.0648932507815141,0.0666651928112415,0.677927458659827,0.667966951964431,0.624698496167347,0.663333512655674,0.668215923986517,0.0673549829970793,0.660428468686759
31,0.0651007482754951,0.0704545859430164,0.0696940485780775,0.0648704326883027,0.0666682110214413,0.678197053184031,0.668932603427463,0.623681085308469,0.664122412980295,0.668202569303954,0.0673576053012666,0.660627144840842
32,0.0651294282220456,0.070459559669964,0.0696876537185378,0.0648803191174942,0.0667026118344157,0.677350962797364,0.668719310825021,0.62672113923684,0.664593134125089,0.667391700372972,0.0673719145124914,0.660955249471457
33,0.0651282318762898,0.0704309517405611,0.0696994769858332,0.0648404433470516,0.066797422854111,0.677122194597973,0.670208793360311,0.62730768926936,0.66404277970392,0.666958186831324,0.0673793053607693,0.661127928752578
34,0.0651062336841436,0.0704286481554261,0.0697636259645127,0.0647679815749203,0.0667972468890486,0.675628514231494,0.670664228172517,0.627430463209949,0.666073959139989,0.667346499908914,0.0673727472536103,0.661428732932573
35,0.0650826828247181,0.070313916618862,0.0699002669344904,0.064769413681937,0.0667982952558269,0.680502684682808,0.673664263181029,0.622217014295758,0.666294100908456,0.667141043254105,0.0673729150631669,0.661963821264431
36,0.0650934630290168,0.0701948365363422,0.0697888383430039,0.0649139109518563,0.0668020876406069,0.679770274493683,0.675008201068149,0.624124453935744,0.666519905487688,0.666291822414225,0.0673586273001652,0.662342931479898
37,0.0651001935765409,0.0701703192007601,0.069703362353351,0.0648579444813175,0.0667473397593551,0.679160343279001,0.676068829328316,0.624051382046171,0.668702211186033,0.663702041280351,0.0673158318742649,0.662336961423975
38,0.0651306615972815,0.0700158057551213,0.0696156966069856,0.0648468789262401,0.0668017420287967,0.679884658593378,0.680154452369622,0.623633687326043,0.668598864889582,0.662685373266802,0.067282156982885,0.662991407289086
39,0.0651940312140668,0.0700512631924878,0.0695931024159843,0.0648521753157607,0.0667910963446861,0.679010412120632,0.679790752825641,0.624807445696395,0.66802125819161,0.662841862752215,0.0672963336965972,0.662894346317298
40,0.06527283090919,0.0700471983524957,0.0696291589530439,0.06497395757933,0.066839632400524,0.677454436413703,0.679945049601875,0.622573815774575,0.666238180652158,0.664840956003512,0.0673525556389167,0.662210487689165
41,0.0652656562164904,0.0700820869375786,0.0696295405804533,0.0649765401343355,0.0666043654519156,0.678178047825928,0.678695440206109,0.622482969641592,0.666696868324077,0.670467044067713,0.0673116378641547,0.663304074013084
42,0.0650982939613784,0.0701012460720667,0.0695875216322626,0.0647562326003645,0.0666170814143999,0.683726908489905,0.679327214191154,0.623604063587027,0.673273515175625,0.670256108568775,0.0672320751360944,0.666037562002497
43,0.0649944825211196,0.0701130465896913,0.06961093859341,0.0647592620930974,0.0664731920255356,0.689930750106289,0.678487658202819,0.62331901738716,0.674297776072643,0.671031365012923,0.0671901843645708,0.667413313356367
44,0.0649927466320818,0.0701280885036083,0.0696022526319645,0.064822202836779,0.0668562859573915,0.690372096755574,0.678598518491626,0.622818047045131,0.672274029075702,0.663379816760058,0.067280315312365,0.665488501625618
45,0.0650024555699422,0.0701277256124958,0.0696228844205394,0.0648231439643565,0.0668314829245258,0.689632999496006,0.678385225889184,0.622010964733268,0.671510965325194,0.662118655327286,0.067281538498372,0.664731762154187
46,0.0650036760918909,0.0701282999279233,0.0696307067629257,0.0647912777625444,0.0668758863553214,0.689691071423544,0.678415696260961,0.621490903537206,0.671487606230791,0.662252887008428,0.0672859693801211,0.664667632892186
47,0.0650052952390154,0.0701284554302275,0.0694832824702223,0.0647940907878024,0.0668778921919888,0.689580206834608,0.678394302170139,0.624807445696395,0.671917979848888,0.662502859271779,0.0672578032238512,0.665440558764362
48,0.0650241072958939,0.070131743130566,0.0694896669834773,0.0647979034674165,0.066870164402855,0.689279992566793,0.678048431035176,0.624559922899282,0.672618044829641,0.66259599962196,0.0672627170560417,0.66542047819057
49,0.0650909437187695,0.0701992407476075,0.0695756586240272,0.0648463053667347,0.0669548800243289,0.687735631245372,0.671778341659741,0.623368719438176,0.671068558234222,0.659514834655333,0.0673334056962935,0.662693217046569
50,0.0651135878443391,0.0702103335496213,0.069607827105146,0.0649147186052694,0.0669137506340537,0.688657743064452,0.672680135003196,0.623606367655617,0.670142688674237,0.655074231489383,0.0673520435476859,0.662032233177377
51,0.065068230809161,0.0702059177409501,0.0695654051818895,0.0647794760025364,0.0669181354410043,0.688757697170032,0.673282735228029,0.626723114152774,0.676052539558272,0.654549632164102,0.0673074330351083,0.663873143654642
52,0.0650330633541242,0.0702080089880149,0.0695702479553727,0.0648233359085604,0.0668748423922735,0.689080084355634,0.677394290500635,0.626656625316316,0.67554501014351,0.660724289496645,0.0673018997196691,0.665880059962548
53,0.06503137929178,0.0702091066496608,0.0695774724222926,0.0648231304104607,0.0668648950305461,0.689099793615889,0.677492184673792,0.626667158201299,0.675830274235768,0.661296828708047,0.0673011967609481,0.666077247886959
54,0.0650551052259854,0.0702245289208619,0.0696486610958988,0.0648010401670851,0.0668834922675061,0.687817283895,0.677438375293845,0.626070075283795,0.67634275860995,0.662752831535131,0.0673225655354675,0.666084264923544
55,0.0650574057703652,0.0702259774987544,0.0695923052874881,0.0647287856504399,0.066847204710516,0.687867964849942,0.677206930129493,0.630008715962324,0.679668952082711,0.665518962964383,0.0672903357835127,0.668054305197771
56,0.0650520777660672,0.0702553454276387,0.0696417512119652,0.0647247558028759,0.0668607323370711,0.688603190647674,0.676427018273147,0.627085182074083,0.680113482727719,0.665947682517419,0.0673069325091236,0.667635311248009
57,0.0650944599375077,0.0702379190892535,0.0696362472744827,0.0647124458259193,0.0668658275700787,0.690038447135541,0.676379043645242,0.627416309645753,0.682570434748139,0.665926451996422,0.0673093799394484,0.668466137434219
58,0.0651398118735732,0.0701528043916568,0.0696408020358208,0.064562713837351,0.0668527624475834,0.688742563273764,0.679208250080066,0.62819837635578,0.685717541830475,0.66570592852026,0.0672697789171971,0.669514532012069
59,0.0651441288221705,0.0701515025221591,0.0695917329368892,0.0645590599006495,0.0667266059259437,0.688359640503093,0.679177779708288,0.632125167538702,0.685573848007328,0.666655823120996,0.0672346060215624,0.670378451775681
60,0.0650655096623994,0.0701990080043951,0.0695773204752498,0.0645718435301,0.0667372002542161,0.689454208349406,0.67627985286052,0.631874353215031,0.686627130809513,0.666012743791442,0.0672301763852721,0.670049657805182
61,0.0650450664445742,0.0702011632048984,0.0695746920591613,0.0645693565969263,0.0668289088650092,0.690755019526246,0.675701564102531,0.630665704663172,0.686752420497676,0.664986145372911,0.0672438374341139,0.669772170832507
62,0.0652109758544566,0.0701536612575275,0.0695940842404029,0.064520660736202,0.0668209798445642,0.687463573063636,0.675281461955472,0.629557776823967,0.687686784273808,0.665681273721683,0.0672600723866306,0.669134173967713
63,0.0652501003284191,0.0700819572483264,0.0695955228801699,0.0645131000961061,0.0668216330200139,0.686168393104011,0.67704290876652,0.629503795788426,0.688136977729581,0.665776468638411,0.0672524627146071,0.66932570880539
64,0.0652487975748318,0.070082252995407,0.0696061269618596,0.0645230799346527,0.0668604400107411,0.686220833814333,0.676946959510711,0.6291924173761,0.687854545042705,0.664223901183567,0.0672641394954984,0.668887731385483
65,0.0652554570559022,0.070084947041128,0.0696421332108151,0.0645367480926021,0.0668958505549695,0.688344506606826,0.675803348110383,0.629750660280227,0.687414969357115,0.664463600614178,0.0672830271910834,0.669155416993746
66,0.0652662952871326,0.0700633884261091,0.0696509202462466,0.0645251849027978,0.0668972628567548,0.689113871658928,0.676273369802695,0.628821791485742,0.68655280641823,0.665119007343021,0.0672806103438082,0.669176169341723
67,0.0652062549863814,0.0700611847245741,0.0696341773477438,0.0644759605652906,0.0668755923771895,0.690259824362335,0.676436742859884,0.630155518046782,0.687310915209319,0.667455734363721,0.0672506340002359,0.670323746968408
68,0.0652076312548029,0.0700213968007692,0.069607902064464,0.064425016695973,0.0668537352082849,0.690250673634359,0.67596347963866,0.633048111585384,0.689426682881181,0.668190584332423,0.0672231364048588,0.671375906414402
69,0.0651914505924973,0.0700589033567704,0.0695091920105021,0.0646053785142623,0.066721980841206,0.690447062334759,0.675804644721948,0.634820269483862,0.686264710920589,0.668713129091156,0.0672173810630476,0.671209963310463
70,0.0651545977464579,0.0700548187630882,0.0694127984232119,0.0646201014149143,0.0667940915607047,0.691322012709657,0.675714530218181,0.635294907613433,0.686009884436189,0.671290925253499,0.0672072815816754,0.671926452046192
71,0.0651674321119938,0.0700246429829065,0.0694185380302609,0.0645414923713835,0.0667940751852886,0.6916232828307,0.676682450751451,0.635075691944713,0.687150232953878,0.671164911838549,0.0671892361363666,0.672339314063858
72,0.0651883301248554,0.0700748989865583,0.0695335627349454,0.0645332526334383,0.0668241576907959,0.690361186272219,0.676491848851397,0.630811190137006,0.686816127118776,0.670326648686926,0.0672308404341187,0.670961400213265
73,0.0651961581934446,0.0700773901581188,0.0695702723004449,0.0645316893513064,0.0668354495357934,0.689122318484752,0.67622539517479,0.630272038086912,0.686990966401128,0.669832183004352,0.0672421919078216,0.670488580230387
74,0.0652111423301389,0.0700829637824681,0.0695991476347861,0.0645308710785648,0.0668244750739322,0.686912769629719,0.676240306207787,0.629426774066984,0.69102076411137,0.669672611669116,0.067249719979978,0.670654645136995
75,0.0652182425150319,0.0700066851410907,0.0696020595263999,0.0645344772123947,0.0668228899990795,0.686981752040612,0.676924268808323,0.629382009305804,0.690690197532997,0.669831498148836,0.0672368708787993,0.670761945167314
76,0.0652027675264377,0.070028510835943,0.0696096968057157,0.0645403921453637,0.066827946124464,0.687608928858017,0.675993301704655,0.629239157053215,0.691208344717942,0.669658914558796,0.0672418626875848,0.670741729378525
77,0.0651480577578549,0.0700378810310244,0.0696366779892492,0.0645409026177995,0.0668313100720026,0.690309097512973,0.676398492818717,0.629708528740293,0.690661883479174,0.669432912238505,0.0672389658935861,0.671302182957933
78,0.0652518135670795,0.070020221463965,0.069637449870436,0.0645415352186559,0.0668381760725263,0.687248530956209,0.677848104548384,0.629146994309609,0.690649142154954,0.66910760586839,0.0672578392385325,0.670800075567509
79,0.0652288515697821,0.0700856590552161,0.0697271148217097,0.0645260412939886,0.0668369479381367,0.686538293684871,0.675881793110065,0.631084386841267,0.690348305333094,0.669710278722498,0.0672809229357666,0.670712611538359
80,0.0652467215633347,0.0699824225629139,0.0697228929197669,0.0645581425897289,0.0667868519327075,0.685229035682208,0.678574207024782,0.631234480452282,0.689684340770963,0.668387137865525,0.0672594063136903,0.670621840359152
81,0.0652879742182086,0.0700031422530606,0.069720075620481,0.0645331933386195,0.0667588391377883,0.684920022637493,0.677575816119734,0.631186424164545,0.688475330672756,0.667192407417807,0.0672606449136316,0.669870000202467
82,0.0653391296655928,0.0700066820511149,0.0697203665337281,0.0644837975284018,0.0667340700042067,0.682347964174196,0.677709367110929,0.631365483209265,0.688931186939293,0.665867896849802,0.0672568091566089,0.669244379656697
83,0.0653461372856397,0.069962205961482,0.0696506944271269,0.0644872671971187,0.0666975632977891,0.682989922936792,0.678941796403459,0.639034081782585,0.688505060429269,0.665394661688224,0.0672287736338313,0.670973104648066
84,0.0653539155169087,0.069981923220129,0.0696426695656388,0.064458639155944,0.0666886036373956,0.682973733187297,0.678387494959423,0.639827997988219,0.689605061420261,0.66476185519141,0.0672251502192032,0.671111228549322
85,0.0653526087341999,0.0699918652587004,0.0695477312824612,0.0644648241189719,0.0667637079212744,0.682551391896115,0.677811151118781,0.64025392152474,0.689950492876892,0.667167067763714,0.0672241474631216,0.671546805036049
86,0.0653703577818291,0.0700182304317287,0.0695567476122519,0.0644821728756483,0.0667443686584001,0.681791177571988,0.676777103395696,0.639906336320284,0.692333120506029,0.664951560169351,0.0672343754719716,0.67115185959267
87,0.065378747735553,0.0700534106435774,0.0696753630878858,0.064466082272464,0.066770751130628,0.681713748335271,0.674331693984111,0.63602365159323,0.691778165051114,0.664235201299582,0.0672688709740216,0.669616492052662
88,0.0653753553410814,0.0701107190938576,0.0697155291610448,0.0644852923472351,0.0667721075950892,0.681667290793241,0.673160205435136,0.636095406872181,0.691579966674359,0.664121515283921,0.0672918007076616,0.669324877011768
89,0.0653755539480132,0.0701086737801077,0.069742468774227,0.0644668823908848,0.0667828266781105,0.681857344374273,0.672997480683729,0.635031585488844,0.690609502479603,0.663796893769321,0.0672952811142686,0.668858561359154
90,0.0653282435923433,0.0701061197379769,0.0697755446748248,0.0645730897404306,0.0667938786418176,0.682483113387374,0.673209476674606,0.634440427319144,0.688393219916672,0.663599655380704,0.0673153752774786,0.6684251785357
91,0.0653085971742358,0.0701045793517829,0.0697840039420012,0.0645833448716046,0.0667273035146301,0.682521124103581,0.673351455640973,0.634296258455932,0.688235369066613,0.665080997861881,0.0673015657708509,0.668697041025796
92,0.0653042360708214,0.0701029940214871,0.0697703973659037,0.0646518190596056,0.0667285877431242,0.682454957301295,0.674570918817853,0.633790021671411,0.688021597960256,0.664962517857608,0.0673116068521884,0.668760002721685
93,0.0652795531396752,0.070133515880638,0.0697573041689333,0.0647082735269332,0.0667399935184377,0.682939945884003,0.673901218944532,0.634357480849899,0.688112910783832,0.664588244318096,0.0673237280469235,0.668779960156072
94,0.0653014183232146,0.0701421169885584,0.0697763569358062,0.0646988879097258,0.066742949395722,0.683070167782117,0.674164431092227,0.634184346552982,0.687774557840657,0.664374569397094,0.0673323459106054,0.668713614533015
95,0.065303701125195,0.0701410858954953,0.0697651421315387,0.0647486036544132,0.066738178540726,0.682977252698057,0.674174803984747,0.634510865987471,0.684910591296543,0.665029291270421,0.0673393422694736,0.668320561047448
96,0.0653045352416624,0.0701823035723997,0.069758127727833,0.0647650877391214,0.0667504055150099,0.682825913735383,0.674305113447029,0.63399541292859,0.68323829249267,0.664975187684654,0.0673520919592053,0.667867984057665
97,0.0653073454266232,0.0701642960156542,0.0696555649816738,0.06478878761871,0.0667308098373643,0.682711177684612,0.674803012287988,0.634862401023796,0.683162552398696,0.664296495868267,0.0673293607760051,0.667967127852672
98,0.0652974134788207,0.070114603969745,0.0696602341164273,0.0647730764759447,0.0667194048338901,0.682926571743115,0.676266238439087,0.634903215953108,0.682092989015563,0.664491679690336,0.0673129465749656,0.668136138968242
99,0.0653196189108588,0.0701162387859199,0.069720938686171,0.0647859499572645,0.0667167005249839,0.681849601450602,0.676170289183277,0.634184346552982,0.681873555098441,0.664480037146563,0.0673318893730396,0.667711565886373
100,0.065323448577724,0.0701104782129042,0.0697132803314145,0.0648601512445627,0.066728751854533,0.682005867728339,0.676291522364605,0.634965096652386,0.679819370493641,0.664259513670401,0.0673472220442277,0.667468274181874
101,0.0653010470505183,0.0701414153353325,0.0697369063180267,0.0648708992198296,0.0667067667593466,0.681518063537024,0.676486662405137,0.634439769013832,0.679666474603002,0.664694396923081,0.0673514069366107,0.667361073296415
102,0.0652831391732429,0.0701294671471109,0.0697359720035873,0.0649434108831527,0.0666954777057186,0.681722899063247,0.677145989385938,0.634448985288193,0.679419434483403,0.664938890342304,0.0673574933825625,0.667535239712617
103,0.0652811644643993,0.0701123979089365,0.069661924575986,0.0649926979885561,0.0667089285082643,0.681975599935804,0.677315845500952,0.63518628723704,0.67813963925064,0.664632075071122,0.0673514226892284,0.667449889399112
104,0.0652519507915596,0.0701049893281879,0.0696553354908638,0.0650055817643422,0.0666955147043383,0.681307596793585,0.677474032111882,0.63478340438642,0.67785791441511,0.664643032759379,0.0673426744158584,0.667213196093275
105,0.0653537482056371,0.0700956087727593,0.0697214702950078,0.0650651649685395,0.0667280802317222,0.681826372679587,0.677425409178195,0.633880209499082,0.677597425119945,0.664391690784995,0.0673928144947332,0.667024221452361
106,0.0653508358702068,0.0701208566518905,0.069712592981989,0.0650631209189596,0.0667000202278352,0.68173838491059,0.676551492983387,0.633998046149836,0.677642019754715,0.667606402577248,0.0673894853301762,0.667507269275155
107,0.0653250588457189,0.0701045019443683,0.0697066711927935,0.0652260774298387,0.0667155226482556,0.682133977919997,0.677267870873048,0.634939422745239,0.67917947287726,0.667240689731687,0.067415566412195,0.668152286829446
108,0.0653354787577191,0.0701029438629522,0.0697056385471095,0.0652398225480949,0.0667073281294284,0.682197329113675,0.677363171823075,0.63491769866996,0.679018082770474,0.66738176996799,0.0674182423690608,0.668175610469035
109,0.0653402379889754,0.0701843183705522,0.0697029949781769,0.0652396859376994,0.0666960228495812,0.682097375008095,0.673157612212006,0.634974312926746,0.678941634825154,0.667660506163015,0.067432652024997,0.667366288227003
110,0.0653158641212767,0.0701746891530617,0.0696953257364383,0.0652385958828037,0.0667286121104079,0.68169896639008,0.673935579151005,0.635046068205697,0.678978443095122,0.6673523211808,0.0674306174007977,0.667402275604541
111,0.0653282433914345,0.0702055548040165,0.069680821935054,0.0652411018222204,0.0667497192552946,0.680519930285531,0.673824070556415,0.633616229069183,0.678494272774763,0.66556621799499,0.067441088241604,0.666404144136176
112,0.0653029357846553,0.0701960378421359,0.0696783921140275,0.0652428053374547,0.0666781292432586,0.681011253987606,0.673725528077475,0.633666260272854,0.6784963963288,0.665989458703897,0.0674196600643064,0.666577779474126
113,0.065313487683944,0.0701817606413942,0.0696815440789882,0.0652233599000388,0.0667041403910097,0.68105208031242,0.674414677124271,0.633650460945379,0.678039124359571,0.664477982580015,0.067420858539075,0.666326865064331
114,0.0652954694120242,0.0701799953288118,0.069679208905945,0.0652568485280855,0.0667064238387161,0.68147371770145,0.674535261999816,0.633718924697772,0.6780504499811,0.665083394856187,0.0674235892027165,0.666572349847265
115,0.0653122883187067,0.070422676987059,0.0696837004118368,0.0652433010721404,0.0667030151328107,0.681388545541061,0.673034434113332,0.635000645139205,0.676844271288275,0.665186808039108,0.0674729963845107,0.666290940824196
116,0.065302934118927,0.0704244582375663,0.0697910789756883,0.0652312231845972,0.0666678228391752,0.681991789685299,0.67279780250272,0.635795877955462,0.676584489844457,0.66570250424268,0.0674835034711908,0.666574492846123
117,0.0653186003000011,0.0704198321016956,0.0697987490269326,0.0652748050623005,0.0666848701054724,0.682043878444545,0.673325523409674,0.635969012252378,0.673988091108962,0.665996307259058,0.0674993713192805,0.666264562494923
118,0.0653195266800111,0.0704187827557293,0.0697965930451701,0.065418085145781,0.0667203616261799,0.678835492435867,0.673332654773281,0.636060516690673,0.673515246410132,0.666210667035576,0.0675346698505743,0.665590915469106
119,0.0652973966814299,0.0704162183516915,0.0698107262666866,0.0654005333888704,0.0667232008826581,0.679226158130211,0.674511274685863,0.635820235251986,0.673554178234137,0.666854431220645,0.0675296151142673,0.665993255504569
120,0.0653070290366392,0.0704214058989415,0.0698079940490485,0.0654521092928691,0.0667201003637148,0.679341598083134,0.674336880430371,0.63528042489658,0.671994073868535,0.6669934568904,0.0675417277282426,0.665589286833804
121,0.065323758990556,0.0704329145230094,0.0697589366064626,0.0654522388738205,0.0667371811675033,0.679381016603644,0.674462003446394,0.638408033431377,0.671999028827954,0.667255071697524,0.0675410060322704,0.666301030801378
122,0.0653844761885798,0.0704546699742362,0.0697733512983316,0.0654392282511434,0.0667520982315744,0.673531589720776,0.67381758749859,0.638173676740493,0.673271037695916,0.667587911478315,0.0675607647887731,0.665276360626818
123,0.0653929636137268,0.0704527443978595,0.0697713836527758,0.0654480025910512,0.0667552281300169,0.673626616511292,0.673781930680552,0.637615433836366,0.673061513697631,0.667239320020655,0.067564064477086,0.6650649629493
124,0.0653926125770647,0.0704573029871494,0.0697907434934205,0.0654308948256829,0.066738249436018,0.673464719016339,0.672843832213277,0.636855749506929,0.673103276927019,0.66725918083062,0.0675619606638671,0.664705351698837
125,0.0654088496175671,0.0704944369664935,0.069565179738766,0.065431227021085,0.0666918194550085,0.673517511677737,0.670869741105569,0.647825749217275,0.673101861224328,0.66950619177872,0.067518302559784,0.666964211000726
126,0.0653958912045913,0.0704954192475633,0.0696774398799964,0.0654439653157074,0.0666708751662686,0.674194665547932,0.670819821560316,0.643576388431732,0.672618398755314,0.670951236917548,0.0675367181628254,0.666432102242568
127,0.0653987621934123,0.0705094731166581,0.069720346261637,0.0654428636950255,0.0665537848183342,0.6739152163936,0.671102482881486,0.643707391188715,0.67252991733712,0.671692250585894,0.0675250460170134,0.666589451677363
128,0.0654433737891372,0.0705318798716316,0.0697447298463688,0.0655305738306575,0.0665502440700779,0.673761061822318,0.668920285617596,0.642757456624263,0.671582812236768,0.671864834175934,0.0675601602815746,0.665777290095376
129,0.0654269121338574,0.0705303457379638,0.0697485403586855,0.0655275351197475,0.0665519038617899,0.674179179700588,0.669132929914255,0.643145198452719,0.671635901087684,0.671947016837858,0.0675570474424088,0.666008045198621
130,0.0654404385333762,0.0705232701526551,0.0697423647031427,0.0655270886093631,0.0665538058217997,0.674309401598703,0.668274573058227,0.643048427571933,0.67141363576518,0.671812100301199,0.0675573935640674,0.665771627659048
131,0.0654266421401711,0.0705825565300099,0.0697561739372582,0.0655300509117319,0.0665541846175962,0.674807764322297,0.667208110046017,0.642920058036196,0.671416467170562,0.67173265706134,0.0675699216273535,0.665617011327282
132,0.0653960593367422,0.0705843037606945,0.0697648220611723,0.0655050017476719,0.0665739422295528,0.67613461987876,0.666958512319755,0.64279629663764,0.671077406376042,0.671292979820047,0.0675648258271667,0.665651963006449
133,0.0653961026308801,0.0705790791149128,0.0697554175953398,0.0655446927571601,0.0665780373081675,0.67612054183572,0.667282016905222,0.641964857029252,0.670823287742988,0.671010134491926,0.0675706658812921,0.665440167601022
134,0.0653980762996633,0.0705778775509329,0.069762124470956,0.0655361296722529,0.0665798819175584,0.675898108755698,0.667331936450474,0.642087960122497,0.670664729041583,0.67160664364639,0.0675708179822727,0.665517875603329
135,0.065450831357236,0.0705693875145554,0.0697576410926594,0.06551475765026,0.066575402148519,0.679877267620783,0.668572145412394,0.642212379826365,0.670040404154804,0.671842918799421,0.0675736039526459,0.666509023162753
136,0.0654462611318621,0.0705653334712253,0.0697751495354382,0.0654815319253691,0.0665682660688693,0.679836441295968,0.668696620122634,0.642068869268465,0.671078114227387,0.671796348624331,0.0675673084265528,0.666695278707757
137,0.0654387589670819,0.070582294511202,0.0697677540691446,0.0655179797674474,0.0667324351982735,0.678637695931164,0.66902271793123,0.641595547749517,0.670794973689166,0.670094482666992,0.0676078445026299,0.666029083593614
138,0.0654276420970834,0.0705450098906954,0.069751444944753,0.0655114294684242,0.066732674365153,0.679184627903244,0.67015401152169,0.642147865905841,0.670683841027913,0.669278819747398,0.0675936401532218,0.666289833221217
139,0.0654418990860121,0.0705465557938546,0.069760673706983,0.0654904420547658,0.0667201744217568,0.679405653178963,0.670496965280632,0.641412538872929,0.670194715748135,0.669215813039923,0.0675919490126744,0.666145137224116
140,0.0654581749860236,0.0705451135437157,0.0697631975160777,0.0654614300122434,0.0666871545886194,0.679735079386085,0.670959207303554,0.641323009350569,0.670951408836533,0.669520573744557,0.067583014129336,0.666497855724259
141,0.0654678719707524,0.0705247362368252,0.0697558371617484,0.0654524280713978,0.0667345254097381,0.679389463429468,0.672004924530724,0.642949023469901,0.672019556516975,0.670838920612918,0.0675870797700924,0.667440377711997
142,0.0654963312488216,0.0705230872574901,0.0697277122083382,0.0654548668330257,0.0667341828183962,0.67823224829163,0.672042526266109,0.642116267250891,0.672286416474249,0.670751259106866,0.0675872360732143,0.667085743477949
143,0.0654734588633763,0.0705255701232115,0.0697201981989795,0.0654396815201957,0.0667240704142395,0.67733195743926,0.671897305770829,0.64236642326925,0.671991242463153,0.670743040840674,0.0675765958240005,0.666865993956633
144,0.0654637961888797,0.0705405335273488,0.0697481618651503,0.0654424166326093,0.0668252841384834,0.677391085220026,0.671677530110562,0.642032662476334,0.671836930869822,0.669421269694732,0.0676040384704943,0.666471895674295
145,0.0654882830971334,0.0704829751758177,0.0698734219926385,0.0654295113754911,0.0668044219284846,0.677187657498106,0.672769925354072,0.637364619512696,0.672136351988991,0.669888341156666,0.067615722713913,0.665869379102107
146,0.0654196973148195,0.0705619331278954,0.0698619881118065,0.0654858753171435,0.066804655698681,0.678114696632251,0.672550149693805,0.637663490124104,0.671017946863015,0.669911626244211,0.0676268299140692,0.665851581911477
147,0.0654404075934501,0.0705607368350635,0.0695943503713463,0.0654679717919222,0.0667666415513543,0.679599226270755,0.672530052214548,0.64951101081464,0.671853919302115,0.671201894036415,0.0675660216286273,0.668939220527695
148,0.0654506441077508,0.0705444296842658,0.0696967272250672,0.0654827897962538,0.0667650119552601,0.679243051781858,0.673539464317898,0.649963924868931,0.671892851126121,0.670934800385163,0.0675879205537195,0.669114818495994
149,0.0654467098245795,0.0705230896553802,0.0696994819707829,0.0654680141580828,0.0667574676017744,0.679442256090865,0.673852596010845,0.64985135466067,0.671000250579376,0.670927266974486,0.0675789526421199,0.669014744863249
150,0.0654355839067127,0.070518196710579,0.069814255453507,0.0654592895813605,0.0667398342776997,0.679647091617088,0.674187770100397,0.645465066370342,0.670598898866447,0.671423787223609,0.0675934319859718,0.668264522835577
151,0.065694879851082,0.0705199497562106,0.0698025579737545,0.0654727004615651,0.0667401020975648,0.679620343335314,0.674163782786444,0.646934403825544,0.670695874500788,0.671390229303324,0.0676460380280354,0.668560926750283
152,0.0657240546425411,0.0704673708466555,0.0697938031752302,0.0654689912452582,0.066739014810726,0.679570366282524,0.676955387485883,0.647251706985673,0.670595359609719,0.67143406005635,0.0676386469440822,0.66916137608403
153,0.0657517185251907,0.0703959539879619,0.06980039363839,0.0654165092885141,0.0667227106070005,0.679188147414004,0.677545345747957,0.647278697503443,0.671592722155606,0.670814950669857,0.0676174572094114,0.669283972698173
154,0.0657633488065189,0.0704011965871753,0.0698153508951784,0.0653718136466046,0.0666873901378001,0.678687672983954,0.677509688929919,0.645892306517486,0.671897098234194,0.673765308232922,0.0676078200146554,0.669550414979695
155,0.0657588841735706,0.0704199640843402,0.0698556393818176,0.0653630392881218,0.0666930474291655,0.678871391445618,0.677271760707742,0.645461774843784,0.672056364786944,0.674339902010873,0.0676181148714031,0.669600238758992
156,0.0657663669880078,0.0703936963545695,0.0699677495651422,0.0652710066386667,0.0666835137757775,0.678598981312806,0.677625735664987,0.639785208142973,0.67362071626062,0.674333738311228,0.0676164666644328,0.668792875938523
157,0.0657682156169712,0.0704091718848517,0.0699213496239498,0.0653225664494948,0.0666641289966568,0.678621506181669,0.677632867028594,0.644231402216646,0.671447612629767,0.674778894396649,0.0676170865143848,0.669342456490665
158,0.0657786169697234,0.070429339698566,0.069903924458213,0.0653573848331879,0.0666657575852373,0.67813581369681,0.678273393141703,0.644643501341626,0.671718719695114,0.674880253013022,0.0676270047089855,0.669530336177655
159,0.0657684133052368,0.0704488172786193,0.0699019361181999,0.0653400522642496,0.0666644967210961,0.678379363841391,0.678042596283133,0.644709990178085,0.671360546914264,0.674916550355372,0.0676247431374803,0.669481809514449
160,0.0657251643776907,0.0704812478340356,0.0698758820337185,0.0653476957255136,0.0666585576526735,0.680156716775115,0.677291858187,0.644758046465822,0.671160932834817,0.674944629431529,0.0676177095247264,0.669662436738857
161,0.0657345274448246,0.0704978179622133,0.0698673553087122,0.0653233947177076,0.0668240942283621,0.67970129208279,0.677554422028912,0.645191869666081,0.672912157063719,0.668832978806461,0.0676494379323639,0.668838543929593
162,0.0656983566920315,0.0704800024176799,0.0699086037193266,0.0652757606266359,0.0667679917611731,0.680526265404899,0.677549235582652,0.64468102474438,0.676089701753914,0.670975891716125,0.0676261430433694,0.669964423840394
163,0.0657062144806238,0.0704972073057861,0.0699588341314199,0.0652828288438092,0.0667662491364441,0.680096181190045,0.675975797448528,0.644930522457427,0.675948131484803,0.671032734723955,0.0676422667796166,0.669596673460952
164,0.0657464097474198,0.070482994940887,0.0699606759775246,0.0652759114723088,0.0667597506881841,0.680601582935159,0.67596866608492,0.644354505309891,0.67588654841774,0.670814950669857,0.0676451485652649,0.669525250683513
165,0.0657303105568996,0.0705503462848753,0.0699508604763334,0.0652482315026711,0.0668310289527189,0.68133434507536,0.676250679100307,0.644677733217823,0.676420976183634,0.670972467438545,0.0676621555546997,0.669931240203134
166,0.0657450305144914,0.0705318276753601,0.0699249993376139,0.065361799700798,0.0668234830849484,0.679556992141636,0.676242899430917,0.64472578950556,0.677369496986677,0.671035474146019,0.0676774280626424,0.669786130442162
167,0.0657856725141496,0.0705479232285168,0.0699162934201463,0.0653841780115267,0.0668376501564592,0.679911054924077,0.674633804478756,0.645166854064245,0.677101929178057,0.671333386295493,0.0676943434661597,0.669629405788126
168,0.0658094516942342,0.0705720002138393,0.0699141965595628,0.0653696328219154,0.0668428412189303,0.679117053296655,0.674509978074298,0.645216885267917,0.677342598635546,0.671154639005809,0.0677016245016964,0.669468230856045
169,0.0657872310583027,0.0705584364012518,0.0699609420005284,0.0654027089994342,0.0668391734377624,0.679430289754282,0.674671406214141,0.645349862940834,0.677499741634259,0.671184087792998,0.0677096983794559,0.669627077667303
170,0.0658535789717493,0.070518036932393,0.0699098960985317,0.0655967078559822,0.0667980230747743,0.677373487666227,0.675609504681416,0.646446599589744,0.676672263411305,0.672196304245693,0.0677352485866861,0.669659631918877
171,0.0657579366840837,0.0705194413199491,0.0699487323503119,0.0656281473904894,0.0667581425407944,0.679163510838685,0.675653589474626,0.646473590107514,0.676271619549722,0.673488626604445,0.0677224800571257,0.670210187314998
172,0.0657685419877596,0.0706157010143628,0.0699189871344213,0.0656053942173064,0.0667869117189065,0.678888285097265,0.675527818152821,0.645470332812833,0.677050256029832,0.673341382668498,0.0677391072145513,0.67005561495225
173,0.0657979386322378,0.0706413945330419,0.0698919849188168,0.0655544408000176,0.0667600710021258,0.677844398205894,0.674708359643743,0.646111522186206,0.676294978644125,0.673833793784525,0.067729165977248,0.669758610492899
174,0.0657844602174291,0.0706043429255215,0.0698851674086465,0.0655348977770829,0.0667998347160686,0.67802530105895,0.67482959282507,0.646326129717745,0.676390538575775,0.673135926013689,0.0677217406089497,0.669741497638246
175,0.0657727636209011,0.0707010194058473,0.0698424489106318,0.0655167150138652,0.066806959416769,0.678232952193781,0.674533317082468,0.647070014719707,0.677255532920042,0.672568180790899,0.0677279812736029,0.669931999541379
176,0.065782193143769,0.0706390993184886,0.069848743060319,0.0654928807996857,0.0668563099667807,0.678501842815834,0.674563787454246,0.647314904295574,0.677536549904228,0.670979315993705,0.0677238452578086,0.669779280092717
177,0.0657910969812864,0.0707337663900622,0.0698616309851952,0.0654778713577943,0.0668903873582798,0.677735293372339,0.674342715182414,0.647599292190129,0.67763494124126,0.67096287946132,0.0677509506145236,0.669655024289492
